brand,total_tweets,customer_tweets,support_tweets,unique_conversations,usable_conversations,resolved_conversations,avg_turns,median_turns,pct_with_support_response,pct_resolved,usable_customer_msgs,missing_text,missing_in_reply_to,duplicate_tweet_ids
AmazonHelp,373208,203114,170094,82498,82498,8399,4.52,3.0,100.0,10.2,203114,0,81844,0
AppleSupport,238406,131500,106906,80639,80639,556,2.96,2.0,100.0,0.7,131500,0,80314,0
Uber_Support,128298,71992,56306,41902,41902,867,3.06,2.0,100.0,2.1,71992,0,41763,0
SpotifyCares,91701,48452,43249,28250,28247,1202,3.25,2.0,100.0,4.3,48452,0,28181,0
AmericanAir,86301,49423,36878,26202,26202,547,3.29,2.0,100.0,2.1,49423,0,26065,0
Delta,87131,44824,42307,26052,26050,3454,3.34,2.0,100.0,13.3,44824,0,25958,0
comcastcares,71803,38906,32897,23901,23901,2375,3.0,2.0,100.0,9.9,38906,0,23808,0
TMobileHelp,79921,45554,34367,22668,22668,680,3.53,2.0,100.0,3.0,45554,0,22480,0
SouthwestAir,64097,35057,29040,21524,21522,595,2.98,2.0,100.0,2.8,35057,0,21471,0
Ask_Spectrum,58241,32420,25821,18435,18434,671,3.16,2.0,100.0,3.6,32420,0,18340,0
Tesco,72114,33530,38584,16655,16655,6493,4.33,4.0,100.0,39.0,33530,0,16588,0
British_Airways,60195,30932,29263,16371,16371,3269,3.68,3.0,100.0,20.0,30932,0,16332,0
UPSHelp,42012,24366,17646,15258,15258,276,2.75,2.0,100.0,1.8,24366,0,15206,0
hulu_support,47910,26049,21861,14905,14902,267,3.21,2.0,100.0,1.8,26049,0,14877,0
VirginTrains,65550,37687,27863,14825,14823,893,4.42,3.0,100.0,6.0,37687,0,14735,0
ChipotleTweets,41836,23082,18754,14391,14391,145,2.91,2.0,100.0,1.0,23082,0,14352,0
XboxSupport,55735,31178,24557,13397,13377,2178,4.16,3.0,99.9,16.3,31178,0,13326,0
sprintcare,50683,28255,22428,13371,13371,1222,3.79,2.0,100.0,9.1,28255,0,13258,0
AskPlayStation,42883,23797,19086,12524,12524,343,3.42,2.0,100.0,2.7,23797,0,12496,0
AskTarget,30461,17269,13192,11116,11116,87,2.74,2.0,100.0,0.8,17269,0,11090,0
ATVIAssist,47805,30184,17621,11088,11088,437,4.31,2.0,100.0,3.9,30184,0,11017,0
sainsburys,41959,22495,19464,10837,10837,989,3.87,3.0,100.0,9.1,22495,0,10799,0
GWRHelp,46369,27036,19333,10674,10674,490,4.34,3.0,100.0,4.6,27036,0,10622,0
AskLyft,26916,15118,11798,10142,10142,317,2.65,2.0,100.0,3.1,15118,0,10097,0
O2,36296,20111,16185,9531,9531,215,3.81,2.0,100.0,2.3,20111,0,9454,0
AskPayPal,26449,15199,11250,9483,9483,119,2.79,2.0,100.0,1.3,15199,0,9443,0
Safaricom_Care,33727,17650,16077,9337,9337,1630,3.61,3.0,100.0,17.5,17650,0,9308,0
VerizonSupport,43153,24948,18205,8315,8315,495,5.19,4.0,100.0,6.0,24948,0,8226,0
McDonalds,19249,10769,8480,8123,8123,21,2.37,2.0,100.0,0.3,10769,0,8117,0
marksandspencer,25585,14089,11496,7939,7938,663,3.22,2.0,100.0,8.4,14089,0,7910,0
ArgosHelpers,28207,16027,12180,7534,7534,470,3.74,3.0,100.0,6.2,16027,0,7492,0
idea_cares,34720,18997,15723,7517,7517,1719,4.62,3.0,100.0,22.9,18997,0,7475,0
ChaseSupport,18582,9814,8768,6788,6788,398,2.74,2.0,100.0,5.9,9814,0,6757,0
AirAsiaSupport,26984,14155,12829,6763,6762,936,3.99,2.0,100.0,13.8,14155,0,6718,0
AldiUK,18231,10117,8114,6604,6604,269,2.76,2.0,100.0,4.1,10117,0,6596,0
BofA_Help,24667,11958,12709,6550,6550,2058,3.77,3.0,100.0,31.4,11958,0,6495,0
SW_Help,28193,15982,12211,6189,6189,998,4.56,3.0,100.0,16.1,15982,0,6150,0
AirbnbHelp,19892,11018,8874,6029,6029,395,3.3,2.0,100.0,6.6,11018,0,5966,0
Ask_WellsFargo,16420,8861,7559,6013,6013,183,2.73,2.0,100.0,3.0,8861,0,5988,0
Morrisons,20634,10525,10109,5931,5929,1014,3.48,3.0,100.0,17.1,10525,0,5914,0
AskeBay,20877,11176,9701,5616,5616,578,3.72,2.0,100.0,10.3,11176,0,5586,0
AlaskaAir,16690,9241,7449,5588,5588,133,2.99,2.0,100.0,2.4,9241,0,5569,0
JetBlue,17619,9633,7986,5154,5154,544,3.42,3.0,100.0,10.6,9633,0,5132,0
AdobeCare,20985,11064,9921,5092,5092,753,4.12,3.0,100.0,14.8,11064,0,5064,0
CoxHelp,17185,9356,7829,4839,4839,347,3.55,2.0,100.0,7.2,9356,0,4810,0
MicrosoftHelps,24284,12984,11300,4429,4429,1360,5.48,4.0,100.0,30.7,12984,0,4410,0
AskAmex,20705,9371,11334,4278,4278,2023,4.84,4.0,100.0,47.3,9371,0,4257,0
airtel_care,18111,8234,9877,4014,4012,1043,4.51,3.0,100.0,26.0,8234,0,3999,0
HPSupport,12536,5336,7200,3840,3840,1820,3.26,3.0,100.0,47.4,5336,0,3835,0
LondonMidland,15943,9143,6800,3643,3641,330,4.38,3.0,99.9,9.1,9143,0,3617,0
GreggsOfficial,10888,6359,4529,3339,3339,66,3.26,2.0,100.0,2.0,6359,0,3320,0
AzureSupport,14732,7160,7572,3308,3296,758,4.45,3.0,99.6,22.9,7160,0,3296,0
GloCare,14872,8558,6314,3215,3215,136,4.63,3.0,100.0,4.2,8558,0,3203,0
DropboxSupport,11580,5619,5961,3175,3175,904,3.65,3.0,100.0,28.5,5619,0,3159,0
AskPapaJohns,8926,5018,3908,3153,3153,59,2.83,2.0,100.0,1.9,5018,0,3139,0
TacoBellTeam,8983,4901,4082,3107,3107,13,2.89,2.0,100.0,0.4,4901,0,3102,0
Postmates_Help,7739,4402,3337,3000,3000,31,2.58,2.0,100.0,1.0,4402,0,2989,0
CenturyLinkHelp,8937,5151,3786,2947,2947,221,3.03,2.0,100.0,7.5,5151,0,2931,0
VirginAtlantic,10151,5845,4306,2756,2756,110,3.68,3.0,100.0,4.0,5845,0,2746,0
Walmart,5962,3314,2648,2404,2402,48,2.48,2.0,99.9,2.0,3314,0,2392,0
AskCiti,7876,3810,4066,2314,2314,645,3.4,3.0,100.0,27.9,3810,0,2308,0
nationalrailenq,9808,5338,4470,2230,2214,383,4.4,4.0,99.3,17.2,5338,0,2212,0
VirginAmerica,6371,3559,2812,2094,2094,50,3.04,2.0,100.0,2.4,3559,0,2089,0
ATT,6648,3879,2769,2026,2026,99,3.28,2.0,100.0,4.9,3879,0,2008,0
KFC_UKI_Help,5063,2958,2105,2017,2017,9,2.51,2.0,100.0,0.4,2958,0,2012,0
askpanera,4884,2731,2153,1978,1978,2,2.47,2.0,100.0,0.1,2731,0,1971,0
DellCares,9919,4579,5340,1988,1977,997,4.99,4.0,99.4,50.2,4579,0,1964,0
IHGService,5456,2815,2641,1744,1744,419,3.13,2.0,100.0,24.0,2815,0,1740,0
TfL,5084,2839,2245,1568,1568,227,3.24,2.0,100.0,14.5,2839,0,1545,0
NikeSupport,7758,4290,3468,1559,1559,110,4.98,4.0,100.0,7.1,4290,0,1548,0
ArbysCares,4203,2299,1904,1555,1555,34,2.7,2.0,100.0,2.2,2299,0,1552,0
DoorDash_Help,3816,2233,1583,1506,1506,15,2.53,2.0,100.0,1.0,2233,0,1499,0
GoDaddyHelp,4488,2523,1965,1450,1450,69,3.1,2.0,100.0,4.8,2523,0,1444,0
DunkinDonuts,2857,1567,1290,1258,1258,13,2.27,2.0,100.0,1.0,1567,0,1256,0
sizehelpteam,3528,2046,1482,1251,1251,19,2.82,2.0,100.0,1.5,2046,0,1247,0
TwitterSupport,3900,2609,1291,1219,1219,11,3.2,2.0,100.0,0.9,2609,0,1170,0
Kimpton,2876,1536,1340,1054,1054,47,2.73,2.0,100.0,4.5,1536,0,1053,0
AsurionCares,4192,2350,1842,1030,1030,93,4.07,2.0,100.0,9.0,2350,0,1023,0
SCsupport,2938,1609,1329,980,980,150,3.0,2.0,100.0,15.3,1609,0,980,0
AWSSupport,2533,1498,1035,904,904,14,2.8,2.0,100.0,1.5,1498,0,903,0
NortonSupport,4214,2199,2015,897,897,140,4.7,3.0,100.0,15.6,2199,0,881,0
AskRBC,2422,1408,1014,838,838,12,2.89,2.0,100.0,1.4,1408,0,832,0
NeweggService,2475,1397,1078,795,795,107,3.11,3.0,100.0,13.5,1397,0,792,0
PandoraSupport,2297,1254,1043,724,724,24,3.17,2.0,100.0,3.3,1254,0,723,0
VMUcare,3183,1810,1373,718,718,58,4.43,3.0,100.0,8.1,1810,0,715,0
HiltonHelp,2016,1186,830,714,714,12,2.82,2.0,100.0,1.7,1186,0,710,0
BoostCare,2100,1193,907,663,663,23,3.17,2.0,100.0,3.5,1193,0,660,0
PearsonSupport,1846,1005,841,604,603,46,3.06,2.0,99.8,7.6,1005,0,599,0
ask_progressive,1410,798,612,543,543,22,2.6,2.0,100.0,4.1,798,0,541,0
GooglePlayMusic,1926,1123,803,543,543,5,3.55,3.0,100.0,0.9,1123,0,539,0
YahooCare,2178,1269,909,538,538,66,4.05,3.0,100.0,12.3,1269,0,535,0
USCellularCares,2599,1440,1159,529,529,14,4.91,4.0,100.0,2.6,1440,0,523,0
MTNC_Care,1978,1194,784,529,527,31,3.74,3.0,99.6,5.9,1194,0,525,0
asksalesforce,1640,931,709,485,485,29,3.38,2.0,100.0,6.0,931,0,485,0
MOO,1426,795,631,478,478,25,2.98,2.0,100.0,5.2,795,0,478,0
askvisa,1401,693,708,472,472,120,2.97,2.0,100.0,25.4,693,0,471,0
OPPOCareIN,2026,1147,879,451,450,41,4.49,3.0,99.8,9.1,1147,0,449,0
AskVirginMoney,1928,1014,914,396,396,23,4.87,4.0,100.0,5.8,1014,0,394,0
KeyBank_Help,1223,671,552,372,372,34,3.29,2.0,100.0,9.1,671,0,369,0
AskRobinhood,1027,595,432,353,353,2,2.91,2.0,100.0,0.6,595,0,353,0
AskSeagate,1305,679,626,342,342,57,3.82,3.0,100.0,16.7,679,0,341,0
AskTigogh,1637,922,715,322,322,40,5.08,3.0,100.0,12.4,922,0,322,0
JackBox,593,327,266,233,233,11,2.55,2.0,100.0,4.7,327,0,233,0
AskDSC,449,239,210,198,198,0,2.27,2.0,100.0,0.0,239,0,197,0
mediatemplehelp,610,305,305,174,174,38,3.51,3.0,100.0,21.8,305,0,174,0
CarlsJr,453,257,196,166,165,15,2.73,2.0,99.4,9.0,257,0,163,0
HotelTonightCX,338,186,152,123,123,10,2.75,2.0,100.0,8.1,186,0,123,0
OfficeSupport,498,284,214,104,104,17,4.79,4.0,100.0,16.3,284,0,100,0
